Created,NLTK_Compound,Blob Score
2020-08-25,0.0,0.5
2020-09-25,0.0,0.845049395280346
2020-09-26,0.0,0.5
2020-09-29,-0.27115,0.5695293470725294
2020-09-30,0.06256666666666667,0.8580361666312489
2020-10-01,-0.29286666666666666,0.5819400354560297
2020-10-02,-0.17,0.9139687606044204
2020-10-05,0.0,0.8925036543431438
2020-10-06,0.11413999999999999,0.6781941376151704
2020-10-07,-0.1961,0.7417658924988355
2020-10-08,0.0,0.8615973741794307
2020-10-12,0.3612,0.6035446429385087
2020-10-13,-0.34,0.8092189198128811
2020-10-14,0.0,0.5587504888495576
2020-10-15,0.012833333333333344,0.6294039036715636
2020-10-19,-0.3818,0.6258118831923903
2020-10-21,0.0,0.6146223888591325
2020-10-22,0.20095,0.6399861509976442
2020-10-23,0.14256666666666665,0.5967209435626173
2020-10-24,0.0,0.7294919568489365
2020-10-25,0.5204,0.5428495241220881
2020-10-26,-0.4019,0.5406645347778903
2020-10-27,0.06328,0.6568907287922005
2020-10-28,0.0,0.7015027330591685
2020-10-29,0.0772,0.8696638677409673
2020-11-03,0.4215,0.849953902888753
2020-11-06,0.42365,0.6732382803669333
2020-11-07,0.0,0.5367440690927534
2020-11-08,0.02930000000000002,0.6712625428935072
2020-11-09,0.06866111111111112,0.6989944783442219
2020-11-10,0.00965,0.6332919780922324
2020-11-11,0.18604666666666667,0.635000438792034
2020-11-12,-0.011623999999999994,0.6708287341073038
2020-11-13,0.2259625,0.6079518105466608
2020-11-14,0.03918750000000001,0.6349381667712309
2020-11-15,0.20695999999999998,0.6283080717148769
2020-11-16,0.08836923076923077,0.5937754935916779
2020-11-17,0.08536190476190475,0.6301591825961074
2020-11-18,0.014318644067796614,0.6748371924529275
2020-11-19,0.05899666666666667,0.6661319564015031
2020-11-20,0.13876176470588236,0.6373777166212504
2020-11-21,0.10242499999999999,0.6765009749955871
2020-11-22,0.052121428571428575,0.81750179867671
2020-11-23,0.04309102564102565,0.6666925583942277
2020-11-24,0.06107799999999997,0.667173507052196
2020-11-25,0.06641732101616629,0.6606973047787768
2020-11-26,0.1166833333333333,0.6605818169299775
2020-11-27,0.01818450704225353,0.6477715426872648
2020-11-28,0.014099447513812157,0.670563712800271
2020-11-29,0.059386792452830205,0.6575084028679669
2020-11-30,0.024692741935483868,0.6792110351955682
2020-12-01,0.05403384615384617,0.6485622460417583
2020-12-02,0.08204299065420562,0.6845628913477492
2020-12-03,0.05968484848484848,0.6964646918691696
2020-12-04,0.1093128205128205,0.6568009075451037
2020-12-05,0.10701176470588235,0.665929554264295
2020-12-06,-0.028549999999999992,0.7215954314513471
2020-12-07,0.052407142857142854,0.6496320440245955
2020-12-08,0.04986078431372548,0.6748992348982327
2020-12-09,0.07972962962962964,0.7030579983736293
2020-12-10,0.1210857142857143,0.6952912773077521
2020-12-11,0.07304615384615386,0.6716676022258665
2020-12-12,0.10395555555555555,0.6946395910219668
2020-12-13,0.004699999999999997,0.7163791597130698
2020-12-14,0.005654999999999999,0.6812149850628665
2020-12-15,0.04679999999999999,0.6511827905033368
2020-12-16,0.05026451612903226,0.6701480937917116
2020-12-17,0.1294878787878788,0.6779331577103032
2020-12-18,0.11504871794871796,0.6611973338586055
2020-12-19,0.09600499999999998,0.684531047831223
2020-12-20,0.0065749999999999975,0.6826078687176338
2020-12-21,0.1880214285714286,0.649098660774661
2020-12-22,0.0517457142857143,0.6723764310178143
2020-12-23,0.11637037037037036,0.6446324233495332
2020-12-24,0.201395,0.7356381698674755
2020-12-25,0.23155000000000003,0.681826541644166
2020-12-26,0.066,0.6570675202935959
2020-12-27,0.1223,0.6691483312688478
2020-12-28,0.04790769230769231,0.6302215038976821
2020-12-29,0.012285714285714283,0.6756790357882567
2020-12-30,0.017420689655172416,0.682146543174047
2020-12-31,0.12369423076923079,0.6776263182428722
2021-01-01,0.017226086956521735,0.6585762370875238
2021-01-02,0.05472941176470589,0.7051524340231606
2021-01-03,0.08532692307692306,0.6601774869032362
2021-01-04,0.09209545454545455,0.6589669994903663
2021-01-05,0.10212258064516126,0.6785614383787578
2021-01-06,0.12327619047619046,0.6859566722423949
2021-01-07,-0.01973333333333333,0.6735393497335047
2021-01-08,0.13656428571428572,0.714417943202414
2021-01-09,0.24022000000000002,0.747169768593528
2021-01-10,-0.09849999999999999,0.7425411130105053
2021-01-11,0.06095384615384615,0.6927120318322785
2021-01-12,0.2342615384615384,0.6885881992836561
2021-01-13,0.047305405405405385,0.676847807112461
2021-01-14,0.11620645161290323,0.6355334245582998
2021-01-15,0.13401505376344083,0.6676307706974884
2021-01-16,0.10796842105263159,0.7790864059969933
2021-01-17,0.22853529411764703,0.672954874524716
2021-01-18,0.2188285714285714,0.6467383648259687
2021-01-19,-0.051803333333333354,0.7111356855187995
2021-01-20,0.13699999999999998,0.6942330457355168
2021-01-21,0.0682969696969697,0.6573176273586151
2021-01-22,0.1314398550724638,0.6636422124663144
2021-01-23,0.16328157894736842,0.6619054672461407
